{

 "Version" : 1,
 "Sequence" : {
  "Metadata" : {
   "Title" : "...",
   "Description" : "..."
  },
  "Gallery" : {
   "Thumbnails" : {
   },
   "Pictures" : [
   ]
  },
  "BackgroundColor" : [0.800000,0.800000,0.800000],
  "DefaultViewpoint" : "Root/InitialSpawnArea",
  "Framerate" : 24,
  "RootLayer" : {
   "Name" : "Root",
   "Visible" : true,
   "Locked" : false,
   "Collapsed" : false,
   "BBoxVisible" : false,
   "Opacity" : 1.000000,
   "Type" : "Group",
   "IsModelTopLayer" : false,
   "KeepAlive" : {
    "Type" : "None"
   },
   "Transform" : {
    "Rotation" : [0.0000000000000000e+00,0.0000000000000000e+00,0.0000000000000000e+00,1.0000000000000000e+00],
    "Scale" : 1.0000000000000000e+00,
    "Flip" : "N",
    "Translation" : [0.0000000000000000e+00,0.0000000000000000e+00,0.0000000000000000e+00]
   },
   "Pivot" : {
    "Rotation" : [0.0000000000000000e+00,0.0000000000000000e+00,0.0000000000000000e+00,1.0000000000000000e+00],
    "Scale" : 1.0000000000000000e+00,
    "Flip" : "N",
    "Translation" : [0.0000000000000000e+00,0.0000000000000000e+00,0.0000000000000000e+00]
   },
   "Animation" : {
    "Duration" : "45360000",
    "Timeline" : true,
    "StartOffset" : "0",
    "MaxRepeatCount" : "0",
    "Keys" : {
     "Visibility" : [
      {
       "Time" : "0",
       "Value" : true,
       "Interpolation" : "None"
      }],
     "Offset" : [
      {
       "Time" : "0",
       "Value" : 0,
       "Interpolation" : "None"
      }]
    }
   },
   "Implementation" : {
    "Children" : [
     {
      "Name" : "InitialSpawnArea",
      "Visible" : false,
      "Locked" : true,
      "Collapsed" : false,
      "BBoxVisible" : false,
      "Opacity" : 1.000000,
      "Type" : "Viewpoint",
      "IsModelTopLayer" : false,
      "KeepAlive" : {
       "Type" : "None"
      },
      "Transform" : {
       "Rotation" : [0.0000000000000000e+00,0.0000000000000000e+00,0.0000000000000000e+00,1.0000000000000000e+00],
       "Scale" : 1.0000000000000000e+00,
       "Flip" : "N",
       "Translation" : [0.0000000000000000e+00,0.0000000000000000e+00,0.0000000000000000e+00]
      },
      "Pivot" : {
       "Rotation" : [0.0000000000000000e+00,0.0000000000000000e+00,0.0000000000000000e+00,1.0000000000000000e+00],
       "Scale" : 1.0000000000000000e+00,
       "Flip" : "N",
       "Translation" : [0.0000000000000000e+00,0.0000000000000000e+00,0.0000000000000000e+00]
      },
      "Animation" : {
       "Duration" : "0",
       "Timeline" : false,
       "StartOffset" : "0",
       "MaxRepeatCount" : "0",
       "Keys" : {
        "Visibility" : [
         {
          "Time" : "0",
          "Value" : true,
          "Interpolation" : "None"
         }],
        "Offset" : [
         {
          "Time" : "0",
          "Value" : 0,
          "Interpolation" : "None"
         }]
       }
      },
      "Implementation" : {
       "Version" : 1,
       "Color" : [0.267010,0.511536,0.936699],
       "Sphere" : [0.000000,1.000000,0.000000,2.000000],
       "AllowTranslationX" : true,
       "AllowTranslationY" : true,
       "AllowTranslationZ" : true,
       "Exporting" : true,
       "ShowingVolume" : false,
       "TypeStr" : "FloorLevel"
      }
     },
     {
      "Name" : "NewLayer0",
      "Visible" : true,
      "Locked" : false,
      "Collapsed" : false,
      "BBoxVisible" : false,
      "Opacity" : 1.000000,
      "Type" : "Paint",
      "IsModelTopLayer" : false,
      "KeepAlive" : {
       "Type" : "None"
      },
      "Transform" : {
       "Rotation" : [0.0000000000000000e+00,0.0000000000000000e+00,0.0000000000000000e+00,1.0000000000000000e+00],
       "Scale" : 1.0000000000000000e+00,
       "Flip" : "N",
       "Translation" : [0.0000000000000000e+00,0.0000000000000000e+00,0.0000000000000000e+00]
      },
      "Pivot" : {
       "Rotation" : [0.0000000000000000e+00,0.0000000000000000e+00,0.0000000000000000e+00,1.0000000000000000e+00],
       "Scale" : 1.0000000000000000e+00,
       "Flip" : "N",
       "Translation" : [4.2475879192352295e-02,-3.9037671685218811e-01,4.1185081005096436e-01]
      },
      "Animation" : {
       "Duration" : "0",
       "Timeline" : false,
       "StartOffset" : "0",
       "MaxRepeatCount" : "0",
       "Keys" : {
        "Visibility" : [
         {
          "Time" : "0",
          "Value" : true,
          "Interpolation" : "None"
         }],
        "Offset" : [
         {
          "Time" : "0",
          "Value" : 0,
          "Interpolation" : "None"
         }]
       }
      },
      "Implementation" : {
       "Framerate" : 24,
       "MaxRepeatCount" : 1,
       "Drawings" : [
        {
         "BoundingBox" : [-1.038504,1.063972,-0.339944,0.635707,-0.582496,1.066357],
         "DataFileOffset" : "0000000000000008"
        }],
       "Frames" : [
        "0"]
      }
     },
     {
      "Name" : "Syro_logo.png",
      "Visible" : false,
      "Locked" : false,
      "Collapsed" : false,
      "BBoxVisible" : false,
      "Opacity" : 1.000000,
      "Type" : "Picture",
      "IsModelTopLayer" : false,
      "KeepAlive" : {
       "Type" : "None"
      },
      "Transform" : {
       "Rotation" : [2.4174273707795331e-03,-7.0592741711621043e-01,-7.0808195436557630e-01,-1.6750633133385665e-02],
       "Scale" : 7.9002115304309639e-01,
       "Flip" : "N",
       "Translation" : [1.2743547102866057e-01,6.3154259469787505e-02,5.4171432507915585e-01]
      },
      "Pivot" : {
       "Rotation" : [0.0000000000000000e+00,0.0000000000000000e+00,0.0000000000000000e+00,1.0000000000000000e+00],
       "Scale" : 1.0000000000000000e+00,
       "Flip" : "N",
       "Translation" : [0.0000000000000000e+00,0.0000000000000000e+00,0.0000000000000000e+00]
      },
      "Animation" : {
       "Duration" : "0",
       "Timeline" : false,
       "StartOffset" : "0",
       "MaxRepeatCount" : "0",
       "Keys" : {
        "Visibility" : [
         {
          "Time" : "0",
          "Value" : true,
          "Interpolation" : "None"
         }],
        "Offset" : [
         {
          "Time" : "0",
          "Value" : 0,
          "Interpolation" : "None"
         }]
       }
      },
      "Implementation" : {
       "Type" : "2D",
       "ViewerLocked" : false,
       "DataFileOffset" : "000000000000a66c",
       "ImportFilePath" : "D:/Nick-made/Freelance/2020/Syro/Brand/Illustrator/Syro_logo.png"
      }
     },
     {
      "Name" : "Paint",
      "Visible" : true,
      "Locked" : false,
      "Collapsed" : false,
      "BBoxVisible" : false,
      "Opacity" : 1.000000,
      "Type" : "Paint",
      "IsModelTopLayer" : false,
      "KeepAlive" : {
       "Type" : "None"
      },
      "Transform" : {
       "Rotation" : [0.0000000000000000e+00,0.0000000000000000e+00,0.0000000000000000e+00,1.0000000000000000e+00],
       "Scale" : 1.0000000000000000e+00,
       "Flip" : "N",
       "Translation" : [0.0000000000000000e+00,0.0000000000000000e+00,0.0000000000000000e+00]
      },
      "Pivot" : {
       "Rotation" : [0.0000000000000000e+00,0.0000000000000000e+00,0.0000000000000000e+00,1.0000000000000000e+00],
       "Scale" : 1.0000000000000000e+00,
       "Flip" : "N",
       "Translation" : [0.0000000000000000e+00,0.0000000000000000e+00,0.0000000000000000e+00]
      },
      "Animation" : {
       "Duration" : "0",
       "Timeline" : false,
       "StartOffset" : "0",
       "MaxRepeatCount" : "0",
       "Keys" : {
        "Visibility" : [
         {
          "Time" : "0",
          "Value" : true,
          "Interpolation" : "None"
         }],
        "Offset" : [
         {
          "Time" : "0",
          "Value" : 0,
          "Interpolation" : "None"
         }]
       }
      },
      "Implementation" : {
       "Framerate" : 24,
       "MaxRepeatCount" : 1,
       "Drawings" : [
        {
         "BoundingBox" : [100000002004087734272.000000,-100000002004087734272.000000,100000002004087734272.000000,-100000002004087734272.000000,100000002004087734272.000000,-100000002004087734272.000000],
         "DataFileOffset" : "0000000002c0095c"
        }],
       "Frames" : [
        "0"]
      }
     }
    ]
   }
  }
 }
}